cssl	atherinomorus_endrachtensis	AeA01001
cssl	atherinomorus_endrachtensis	AeA01002
cssl	atherinomorus_endrachtensis	AeA01003
cssl	atherinomorus_endrachtensis	AeA01004
cssl	atherinomorus_endrachtensis	AeA01005
cssl	atherinomorus_endrachtensis	AeA01006
cssl	atherinomorus_endrachtensis	AeA01007
cssl	atherinomorus_endrachtensis	AeA01008
cssl	atherinomorus_endrachtensis	AeA01009
cssl	atherinomorus_endrachtensis	AeA01010
cssl	atherinomorus_endrachtensis	AeA01011
cssl	atherinomorus_endrachtensis	AeA01012
cssl	atherinomorus_endrachtensis	AeA01013
cssl	atherinomorus_endrachtensis	AeA01014
cssl	atherinomorus_endrachtensis	AeA01015
cssl	atherinomorus_endrachtensis	AeA01016
cssl	atherinomorus_endrachtensis	AeA01017
cssl	atherinomorus_endrachtensis	AeA01018
cssl	atherinomorus_endrachtensis	AeA01019
cssl	atherinomorus_endrachtensis	AeA01020
cssl	atherinomorus_endrachtensis	AeA01021
cssl	atherinomorus_endrachtensis	AeA01022
cssl	atherinomorus_endrachtensis	AeA01023
cssl	atherinomorus_endrachtensis	AeA01024
cssl	atherinomorus_endrachtensis	AeA01025
cssl	atherinomorus_endrachtensis	AeA01026
cssl	atherinomorus_endrachtensis	AeA01027
cssl	atherinomorus_endrachtensis	AeA01028
cssl	atherinomorus_endrachtensis	AeA01029
cssl	atherinomorus_endrachtensis	AeA01030
cssl	atherinomorus_endrachtensis	AeA01031
cssl	atherinomorus_endrachtensis	AeA01032
cssl	atherinomorus_endrachtensis	AeA01033
cssl	atherinomorus_endrachtensis	AeA01034
cssl	atherinomorus_endrachtensis	AeA01035
cssl	atherinomorus_endrachtensis	AeA01036
cssl	atherinomorus_endrachtensis	AeA01037
cssl	atherinomorus_endrachtensis	AeA01038
cssl	atherinomorus_endrachtensis	AeA01039
cssl	atherinomorus_endrachtensis	AeA01040
cssl	atherinomorus_endrachtensis	AeA01041
cssl	atherinomorus_endrachtensis	AeA01042
cssl	atherinomorus_endrachtensis	AeA01043
cssl	atherinomorus_endrachtensis	AeA01044
cssl	atherinomorus_endrachtensis	AeA01045
cssl	atherinomorus_endrachtensis	AeA01046
cssl	atherinomorus_endrachtensis	AeA01047
cssl	atherinomorus_endrachtensis	AeA01048
cssl	atherinomorus_endrachtensis	AeA01049
cssl	atherinomorus_endrachtensis	AeA01050
cssl	atherinomorus_endrachtensis	AeA01051
cssl	atherinomorus_endrachtensis	AeA01052
cssl	atherinomorus_endrachtensis	AeA01053
cssl	atherinomorus_endrachtensis	AeA01054
cssl	atherinomorus_endrachtensis	AeA01055
cssl	atherinomorus_endrachtensis	AeA01056
cssl	atherinomorus_endrachtensis	AeA01057
cssl	atherinomorus_endrachtensis	AeA01058
cssl	atherinomorus_endrachtensis	AeA01059
cssl	atherinomorus_endrachtensis	AeA01060
cssl	atherinomorus_endrachtensis	AeC01001
cssl	atherinomorus_endrachtensis	AeC01002
cssl	atherinomorus_endrachtensis	AeC01003
cssl	atherinomorus_endrachtensis	AeC01004
cssl	atherinomorus_endrachtensis	AeC01005
cssl	atherinomorus_endrachtensis	AeC01006
cssl	atherinomorus_endrachtensis	AeC01007
cssl	atherinomorus_endrachtensis	AeC01008
cssl	atherinomorus_endrachtensis	AeC01009
cssl	atherinomorus_endrachtensis	AeC01010
cssl	atherinomorus_endrachtensis	AeC01011
cssl	atherinomorus_endrachtensis	AeC01012
cssl	atherinomorus_endrachtensis	AeC01013
cssl	atherinomorus_endrachtensis	AeC01014
cssl	atherinomorus_endrachtensis	AeC01015
cssl	atherinomorus_endrachtensis	AeC01016
cssl	atherinomorus_endrachtensis	AeC01017
cssl	atherinomorus_endrachtensis	AeC01018
cssl	atherinomorus_endrachtensis	AeC01019
cssl	atherinomorus_endrachtensis	AeC01020
cssl	atherinomorus_endrachtensis	AeC01021
cssl	atherinomorus_endrachtensis	AeC01022
cssl	atherinomorus_endrachtensis	AeC01023
cssl	atherinomorus_endrachtensis	AeC01024
cssl	atherinomorus_endrachtensis	AeC01025
cssl	atherinomorus_endrachtensis	AeC01026
cssl	atherinomorus_endrachtensis	AeC01027
cssl	atherinomorus_endrachtensis	AeC01028
cssl	atherinomorus_endrachtensis	AeC01029
cssl	atherinomorus_endrachtensis	AeC01030
cssl	atherinomorus_endrachtensis	AeC01031
cssl	atherinomorus_endrachtensis	AeC01032
cssl	atherinomorus_endrachtensis	AeC01033
cssl	atherinomorus_endrachtensis	AeC01034
cssl	atherinomorus_endrachtensis	AeC01035
cssl	atherinomorus_endrachtensis	AeC01036
cssl	atherinomorus_endrachtensis	AeC01037
cssl	atherinomorus_endrachtensis	AeC01038
cssl	atherinomorus_endrachtensis	AeC01039
cssl	atherinomorus_endrachtensis	AeC01040
cssl	atherinomorus_endrachtensis	AeC01041
cssl	atherinomorus_endrachtensis	AeC01042
cssl	atherinomorus_endrachtensis	AeC01043
cssl	atherinomorus_endrachtensis	AeC01044
cssl	atherinomorus_endrachtensis	AeC01045
cssl	atherinomorus_endrachtensis	AeC01046
cssl	atherinomorus_endrachtensis	AeC01047
cssl	atherinomorus_endrachtensis	AeC01048
cssl	atherinomorus_endrachtensis	AeC01049
cssl	atherinomorus_endrachtensis	AeC01050
cssl	atherinomorus_endrachtensis	AeC01051
cssl	atherinomorus_endrachtensis	AeC01052
cssl	atherinomorus_endrachtensis	AeC01053
cssl	atherinomorus_endrachtensis	AeC01054
cssl	atherinomorus_endrachtensis	AeC01055
cssl	atherinomorus_endrachtensis	AeC01056
cssl	atherinomorus_endrachtensis	AeC01057
cssl	atherinomorus_endrachtensis	AeC01058
cssl	atherinomorus_endrachtensis	AeC01059
cssl	atherinomorus_endrachtensis	AeC01060
cssl	atherinomorus_endrachtensis	AeC01061
cssl	atherinomorus_endrachtensis	AeC01062
cssl	atherinomorus_endrachtensis	AeC01063
cssl	atherinomorus_endrachtensis	AeC01064
cssl	atherinomorus_endrachtensis	AeC01065
cssl	atherinomorus_endrachtensis	AeC01066
cssl	atherinomorus_endrachtensis	AeC01067
cssl	atherinomorus_endrachtensis	AeC01068
cssl	atherinomorus_endrachtensis	AeC01069
cssl	atherinomorus_endrachtensis	AeC01070
cssl	atherinomorus_endrachtensis	AeC01071
cssl	atherinomorus_endrachtensis	AeC01072
cssl	atherinomorus_endrachtensis	AeC01073
cssl	atherinomorus_endrachtensis	AeC01074
cssl	atherinomorus_endrachtensis	AeC01075
cssl	atherinomorus_endrachtensis	AeC01076
cssl	atherinomorus_endrachtensis	AeC01077
cssl	atherinomorus_endrachtensis	AeC01078
cssl	atherinomorus_endrachtensis	AeC01079
cssl	atherinomorus_endrachtensis	AeC01080
cssl	atherinomorus_endrachtensis	AeC01081
cssl	atherinomorus_endrachtensis	AeC01082
cssl	atherinomorus_endrachtensis	AeC01083
cssl	atherinomorus_endrachtensis	AeC01084
cssl	atherinomorus_endrachtensis	AeC01085
cssl	atherinomorus_endrachtensis	AeC01086
cssl	atherinomorus_endrachtensis	AeC01087
cssl	atherinomorus_endrachtensis	AeC01088
cssl	atherinomorus_endrachtensis	AeC01089
cssl	atherinomorus_endrachtensis	AeC01090
cssl	atherinomorus_endrachtensis	AeC01091
cssl	atherinomorus_endrachtensis	AeC01092
cssl	atherinomorus_endrachtensis	AeC01094
cssl	atherinomorus_endrachtensis	AeC01095
cssl	atherinomorus_endrachtensis	AeC01096
cssl	halichoeres_miniatus	Hmi-ABas_001
cssl	halichoeres_miniatus	Hmi-ABas_002
cssl	halichoeres_miniatus	Hmi-ABas_003
cssl	halichoeres_miniatus	Hmi-ABas_004
cssl	halichoeres_miniatus	Hmi-ABas_005
cssl	halichoeres_miniatus	Hmi-ABas_006
cssl	halichoeres_miniatus	Hmi-ABas_007
cssl	halichoeres_miniatus	Hmi-ABas_008
cssl	halichoeres_miniatus	Hmi-ABas_009
cssl	halichoeres_miniatus	Hmi-ABas_010
cssl	halichoeres_miniatus	Hmi-ABas_011
cssl	halichoeres_miniatus	Hmi-ABas_012
cssl	halichoeres_miniatus	Hmi-ABas_013
cssl	halichoeres_miniatus	Hmi-ABas_014
cssl	halichoeres_miniatus	Hmi-ABas_015
cssl	halichoeres_miniatus	Hmi-ABas_016
cssl	halichoeres_miniatus	Hmi-ABas_017
cssl	halichoeres_miniatus	Hmi-ABas_018
cssl	halichoeres_miniatus	Hmi-ABas_019
cssl	halichoeres_miniatus	Hmi-ABas_020
cssl	halichoeres_miniatus	Hmi-ABas_021
cssl	halichoeres_miniatus	Hmi-ABas_022
cssl	halichoeres_miniatus	Hmi-ABas_023
cssl	halichoeres_miniatus	Hmi-ABas_024
cssl	halichoeres_miniatus	Hmi-ABas_026
cssl	halichoeres_miniatus	Hmi-ABas_028
cssl	halichoeres_miniatus	Hmi-ABas_030
cssl	halichoeres_miniatus	Hmi-ABas_031
cssl	halichoeres_miniatus	Hmi-ABas_032
cssl	halichoeres_miniatus	Hmi-ABas_033
cssl	halichoeres_miniatus	Hmi-ABas_034
cssl	halichoeres_miniatus	Hmi-ABas_036
cssl	halichoeres_miniatus	Hmi-ABas_037
cssl	halichoeres_miniatus	Hmi-ABas_038
cssl	halichoeres_miniatus	Hmi-ABas_039
cssl	halichoeres_miniatus	Hmi-ABas_040
cssl	halichoeres_miniatus	Hmi-ABas_041
cssl	halichoeres_miniatus	Hmi-ABas_042
cssl	halichoeres_miniatus	Hmi-ABas_043
cssl	halichoeres_miniatus	Hmi-ABas_044
cssl	halichoeres_miniatus	Hmi-ABas_045
cssl	halichoeres_miniatus	Hmi-ABas_046
cssl	halichoeres_miniatus	Hmi-ABas_047
cssl	halichoeres_miniatus	Hmi-AMac_001
cssl	halichoeres_miniatus	Hmi-AMac_002
cssl	halichoeres_miniatus	Hmi-AMac_003
cssl	halichoeres_miniatus	Hmi-AMac_004
cssl	halichoeres_miniatus	Hmi-AMac_005
cssl	halichoeres_miniatus	Hmi-AMac_006
cssl	halichoeres_miniatus	Hmi-AMac_007
cssl	halichoeres_miniatus	Hmi-AMac_008
cssl	halichoeres_miniatus	Hmi-AMac_009
cssl	halichoeres_miniatus	Hmi-AMac_010
cssl	halichoeres_miniatus	Hmi-AMac_011
cssl	halichoeres_miniatus	Hmi-AMac_012
cssl	halichoeres_miniatus	Hmi-AMac_013
cssl	halichoeres_miniatus	Hmi-AMac_014
cssl	halichoeres_miniatus	Hmi-AMac_015
cssl	halichoeres_miniatus	Hmi-AMac_016
cssl	halichoeres_miniatus	Hmi-AMac_017
cssl	halichoeres_miniatus	Hmi-AMac_018
cssl	halichoeres_miniatus	Hmi-AMac_019
cssl	halichoeres_miniatus	Hmi-AMac_020
cssl	halichoeres_miniatus	Hmi-AMac_021
cssl	halichoeres_miniatus	Hmi-AMac_022
cssl	halichoeres_miniatus	Hmi-AMac_023
cssl	halichoeres_miniatus	Hmi-AMac_024
cssl	halichoeres_miniatus	Hmi-AMac_025
cssl	halichoeres_miniatus	Hmi-AMac_026
cssl	halichoeres_miniatus	Hmi-AMac_027
cssl	halichoeres_miniatus	Hmi-AMac_028
cssl	halichoeres_miniatus	Hmi-AMac_029
cssl	halichoeres_miniatus	Hmi-AMac_030
cssl	halichoeres_miniatus	Hmi-AMac_031
cssl	halichoeres_miniatus	Hmi-AMac_032
cssl	halichoeres_miniatus	Hmi-AMac_033
cssl	halichoeres_miniatus	Hmi-AMac_034
cssl	halichoeres_miniatus	Hmi-AMac_035
cssl	halichoeres_miniatus	Hmi-AMac_036
cssl	halichoeres_miniatus	Hmi-AMac_037
cssl	halichoeres_miniatus	Hmi-AMac_038
cssl	halichoeres_miniatus	Hmi-AMac_039
cssl	halichoeres_miniatus	Hmi-AMac_040
cssl	halichoeres_miniatus	Hmi-AMac_041
cssl	halichoeres_miniatus	Hmi-AMac_042
cssl	halichoeres_miniatus	Hmi-AMac_043
cssl	halichoeres_miniatus	Hmi-AMac_044
cssl	halichoeres_miniatus	Hmi-AMac_045
cssl	halichoeres_miniatus	Hmi-AMac_046
cssl	halichoeres_miniatus	Hmi-AMac_047
cssl	halichoeres_miniatus	Hmi-AMac_048
cssl	halichoeres_miniatus	Hmi-AMac_049
cssl	halichoeres_miniatus	Hmi-CBas_001
cssl	halichoeres_miniatus	Hmi-CBas_002
cssl	halichoeres_miniatus	Hmi-CBas_003
cssl	halichoeres_miniatus	Hmi-CBas_004
cssl	halichoeres_miniatus	Hmi-CBas_005
cssl	halichoeres_miniatus	Hmi-CBas_006
cssl	halichoeres_miniatus	Hmi-CBas_007
cssl	halichoeres_miniatus	Hmi-CBas_008
cssl	halichoeres_miniatus	Hmi-CBas_009
cssl	halichoeres_miniatus	Hmi-CBas_010
cssl	halichoeres_miniatus	Hmi-CBas_011
cssl	halichoeres_miniatus	Hmi-CBas_012
cssl	halichoeres_miniatus	Hmi-CBas_013
cssl	halichoeres_miniatus	Hmi-CBas_014
cssl	halichoeres_miniatus	Hmi-CBas_015
cssl	halichoeres_miniatus	Hmi-CBas_016
cssl	halichoeres_miniatus	Hmi-CBas_017
cssl	halichoeres_miniatus	Hmi-CBas_018
cssl	halichoeres_miniatus	Hmi-CBas_019
cssl	halichoeres_miniatus	Hmi-CBas_020
cssl	halichoeres_miniatus	Hmi-CBas_021
cssl	halichoeres_miniatus	Hmi-CBas_022
cssl	halichoeres_miniatus	Hmi-CBas_023
cssl	halichoeres_miniatus	Hmi-CBas_024
cssl	halichoeres_miniatus	Hmi-CBas_025
cssl	halichoeres_miniatus	Hmi-CBas_026
cssl	halichoeres_miniatus	Hmi-CBas_027
cssl	halichoeres_miniatus	Hmi-CBas_028
cssl	halichoeres_miniatus	Hmi-CBas_029
cssl	halichoeres_miniatus	Hmi-CBas_030
cssl	halichoeres_miniatus	Hmi-CBas_031
cssl	halichoeres_miniatus	Hmi-CBas_032
cssl	halichoeres_miniatus	Hmi-CBas_033
cssl	halichoeres_miniatus	Hmi-CBas_034
cssl	halichoeres_miniatus	Hmi-CBas_035
cssl	halichoeres_miniatus	Hmi-CBas_036
cssl	halichoeres_miniatus	Hmi-CBas_037
cssl	halichoeres_miniatus	Hmi-CBas_038
cssl	halichoeres_miniatus	Hmi-CBas_039
cssl	halichoeres_miniatus	Hmi-CBas_040
cssl	halichoeres_miniatus	Hmi-CBas_041
cssl	halichoeres_miniatus	Hmi-CBas_043
cssl	halichoeres_miniatus	Hmi-CBas_044
cssl	halichoeres_miniatus	Hmi-CBas_045
cssl	halichoeres_miniatus	Hmi-CBas_046
cssl	halichoeres_miniatus	Hmi-CBas_047
cssl	halichoeres_miniatus	Hmi-CBas_048
cssl	halichoeres_miniatus	Hmi-CPar_001
cssl	halichoeres_miniatus	Hmi-CPar_002
cssl	halichoeres_miniatus	Hmi-CPar_003
cssl	halichoeres_miniatus	Hmi-CPar_004
cssl	halichoeres_miniatus	Hmi-CPar_005
cssl	halichoeres_miniatus	Hmi-CPar_006
cssl	halichoeres_miniatus	Hmi-CPar_007
cssl	halichoeres_miniatus	Hmi-CPar_008
cssl	halichoeres_miniatus	Hmi-CPar_009
cssl	halichoeres_miniatus	Hmi-CPar_010
cssl	halichoeres_miniatus	Hmi-CPar_011
cssl	halichoeres_miniatus	Hmi-CPar_012
cssl	halichoeres_miniatus	Hmi-CPar_013
cssl	halichoeres_miniatus	Hmi-CPar_014
cssl	halichoeres_miniatus	Hmi-CPar_015
cssl	halichoeres_miniatus	Hmi-CPar_016
cssl	halichoeres_miniatus	Hmi-CPar_017
cssl	halichoeres_miniatus	Hmi-CPar_018
cssl	halichoeres_miniatus	Hmi-CPar_019
cssl	halichoeres_miniatus	Hmi-CPar_020
cssl	halichoeres_miniatus	Hmi-CPar_021
cssl	halichoeres_miniatus	Hmi-CPar_022
cssl	halichoeres_miniatus	Hmi-CPar_023
cssl	halichoeres_miniatus	Hmi-CPar_024
cssl	halichoeres_miniatus	Hmi-CPar_025
cssl	halichoeres_miniatus	Hmi-CPar_026
cssl	halichoeres_miniatus	Hmi-CPar_027
cssl	halichoeres_miniatus	Hmi-CPar_028
cssl	halichoeres_miniatus	Hmi-CPar_029
cssl	halichoeres_miniatus	Hmi-CPar_030
cssl	halichoeres_miniatus	Hmi-CPar_031
cssl	halichoeres_miniatus	Hmi-CPar_032
cssl	halichoeres_miniatus	Hmi-CPar_033
cssl	halichoeres_miniatus	Hmi-CPar_034
cssl	halichoeres_miniatus	Hmi-CPar_035
cssl	halichoeres_miniatus	Hmi-CPar_036
cssl	halichoeres_miniatus	Hmi-CPar_037
cssl	halichoeres_miniatus	Hmi-CPar_038
cssl	halichoeres_miniatus	Hmi-CPar_039
cssl	halichoeres_miniatus	Hmi-CPar_040
cssl	halichoeres_miniatus	Hmi-CPar_041
cssl	halichoeres_miniatus	Hmi-CPar_042
cssl	halichoeres_miniatus	Hmi-CPar_043
cssl	halichoeres_miniatus	Hmi-CPar_044
cssl	halichoeres_miniatus	Hmi-CPar_045
cssl	halichoeres_miniatus	Hmi-CPar_046
cssl	halichoeres_miniatus	Hmi-CPar_047
cssl	halichoeres_miniatus	Hmi-CPar_048
cssl	hypoatherina_temminckii	Hte-ATic_001
cssl	hypoatherina_temminckii	Hte-ATic_002
cssl	hypoatherina_temminckii	Hte-ATic_003
cssl	hypoatherina_temminckii	Hte-ATic_004
cssl	hypoatherina_temminckii	Hte-ATic_005
cssl	hypoatherina_temminckii	Hte-ATic_006
cssl	hypoatherina_temminckii	Hte-ATic_007
cssl	hypoatherina_temminckii	Hte-ATic_008
cssl	hypoatherina_temminckii	Hte-ATic_010
cssl	hypoatherina_temminckii	Hte-ATic_011
cssl	hypoatherina_temminckii	Hte-ATic_012
cssl	hypoatherina_temminckii	Hte-ATic_013
cssl	hypoatherina_temminckii	Hte-ATic_014
cssl	hypoatherina_temminckii	Hte-ATic_015
cssl	hypoatherina_temminckii	Hte-ATic_017
cssl	hypoatherina_temminckii	Hte-ATic_019
cssl	hypoatherina_temminckii	Hte-ATic_020
cssl	hypoatherina_temminckii	Hte-ATic_021
cssl	hypoatherina_temminckii	Hte-ATic_022
cssl	hypoatherina_temminckii	Hte-ATic_023
cssl	hypoatherina_temminckii	Hte-ATic_024
cssl	hypoatherina_temminckii	Hte-ATic_025
cssl	hypoatherina_temminckii	Hte-ATic_026
cssl	hypoatherina_temminckii	Hte-ATic_027
cssl	hypoatherina_temminckii	Hte-ATic_029
cssl	hypoatherina_temminckii	Hte-ATic_030
cssl	hypoatherina_temminckii	Hte-ATic_031
cssl	hypoatherina_temminckii	Hte-ATic_032
cssl	hypoatherina_temminckii	Hte-ATic_033
cssl	hypoatherina_temminckii	Hte-ATic_034
cssl	hypoatherina_temminckii	Hte-ATic_035
cssl	hypoatherina_temminckii	Hte-ATic_036
cssl	hypoatherina_temminckii	Hte-ATic_037
cssl	hypoatherina_temminckii	Hte-ATic_038
cssl	hypoatherina_temminckii	Hte-ATic_039
cssl	hypoatherina_temminckii	Hte-ATic_041
cssl	hypoatherina_temminckii	Hte-ATic_044
cssl	hypoatherina_temminckii	Hte-ATic_045
cssl	hypoatherina_temminckii	Hte-ATic_046
cssl	hypoatherina_temminckii	Hte-ATic_047
cssl	hypoatherina_temminckii	Hte-ATic_048
cssl	hypoatherina_temminckii	Hte-ATic_049
cssl	hypoatherina_temminckii	Hte-ATic_050
cssl	hypoatherina_temminckii	Hte-ATic_051
cssl	hypoatherina_temminckii	Hte-ATic_054
cssl	hypoatherina_temminckii	Hte-ATic_055
cssl	hypoatherina_temminckii	Hte-ATic_056
cssl	hypoatherina_temminckii	Hte-ATic_057
cssl	hypoatherina_temminckii	Hte-ATic_058
cssl	hypoatherina_temminckii	Hte-ATic_059
cssl	hypoatherina_temminckii	Hte-ATic_060
cssl	hypoatherina_temminckii	Hte-ATic_061
cssl	hypoatherina_temminckii	Hte-ATic_062
cssl	hypoatherina_temminckii	Hte-ATic_063
cssl	leiognathus_equula	Leq-ABas_001
cssl	leiognathus_equula	Leq-ABas_002
cssl	leiognathus_equula	Leq-ABas_003
cssl	leiognathus_equula	Leq-ABas_004
cssl	leiognathus_equula	Leq-ABas_005
cssl	leiognathus_equula	Leq-ABas_006
cssl	leiognathus_equula	Leq-ABas_008
cssl	leiognathus_equula	Leq-ABas_009
cssl	leiognathus_equula	Leq-ABas_010
cssl	leiognathus_equula	Leq-ABas_011
cssl	leiognathus_equula	Leq-ABas_012
cssl	leiognathus_equula	Leq-ABas_013
cssl	leiognathus_equula	Leq-ABas_014
cssl	leiognathus_equula	Leq-ABas_015
cssl	leiognathus_equula	Leq-ABas_016
cssl	leiognathus_equula	Leq-ABas_017
cssl	leiognathus_equula	Leq-ABas_018
cssl	leiognathus_equula	Leq-ABas_019
cssl	leiognathus_equula	Leq-ABas_020
cssl	leiognathus_equula	Leq-ABas_021
cssl	leiognathus_equula	Leq-ABas_022
cssl	leiognathus_equula	Leq-ABas_023
cssl	leiognathus_equula	Leq-ABas_025
cssl	leiognathus_equula	Leq-ABas_026
cssl	leiognathus_equula	Leq-ABas_027
cssl	leiognathus_equula	Leq-ABas_028
cssl	leiognathus_equula	Leq-ABas_029
cssl	leiognathus_equula	Leq-ABas_030
cssl	leiognathus_equula	Leq-ABas_031
cssl	leiognathus_equula	Leq-ABas_032
cssl	leiognathus_equula	Leq-ABas_033
cssl	leiognathus_equula	Leq-ABas_034
cssl	leiognathus_equula	Leq-ABas_035
cssl	leiognathus_equula	Leq-ABas_036
cssl	leiognathus_equula	Leq-ABas_039
cssl	leiognathus_equula	Leq-ABas_040
cssl	leiognathus_equula	Leq-ABas_042
cssl	leiognathus_equula	Leq-ABas_043
cssl	leiognathus_equula	Leq-ABas_044
cssl	leiognathus_equula	Leq-ABas_046
cssl	leiognathus_equula	Leq-ABas_048
cssl	leiognathus_equula	Leq-ABas_052
cssl	leiognathus_equula	Leq-ABas_053
cssl	leiognathus_equula	Leq-ABas_056
cssl	leiognathus_equula	Leq-ABas_058
cssl	leiognathus_equula	Leq-CMig_006
cssl	leiognathus_equula	Leq-CMig_016
cssl	leiognathus_equula	Leq-CMig_020
cssl	leiognathus_equula	Leq-CMig_030
cssl	leiognathus_equula	Leq-CMig_042
cssl	leiognathus_equula	Leq-CMig_058
cssl	salarias_fasciatus	Sfa-ABas_001
cssl	salarias_fasciatus	Sfa-ABas_002
cssl	salarias_fasciatus	Sfa-ABas_003
cssl	salarias_fasciatus	Sfa-ABas_004
cssl	salarias_fasciatus	Sfa-ABas_005
cssl	salarias_fasciatus	Sfa-ABas_006
cssl	salarias_fasciatus	Sfa-ABas_007
cssl	salarias_fasciatus	Sfa-ABas_008
cssl	salarias_fasciatus	Sfa-ABas_009
cssl	salarias_fasciatus	Sfa-ABas_010
cssl	salarias_fasciatus	Sfa-ABas_013
cssl	salarias_fasciatus	Sfa-ABas_014
cssl	salarias_fasciatus	Sfa-ABas_016
cssl	salarias_fasciatus	Sfa-ABas_017
cssl	salarias_fasciatus	Sfa-ABas_018
cssl	salarias_fasciatus	Sfa-ABas_019
cssl	salarias_fasciatus	Sfa-ABas_020
cssl	salarias_fasciatus	Sfa-ABas_021
cssl	salarias_fasciatus	Sfa-ABas_022
cssl	salarias_fasciatus	Sfa-ABas_023
cssl	salarias_fasciatus	Sfa-ABas_024
cssl	salarias_fasciatus	Sfa-ABas_025
cssl	salarias_fasciatus	Sfa-ABas_026
cssl	salarias_fasciatus	Sfa-ABas_027
cssl	salarias_fasciatus	Sfa-ABas_028
cssl	salarias_fasciatus	Sfa-ABas_029
cssl	salarias_fasciatus	Sfa-ABas_030
cssl	salarias_fasciatus	Sfa-ABas_031
cssl	salarias_fasciatus	Sfa-ABas_032
cssl	salarias_fasciatus	Sfa-ABas_033
cssl	salarias_fasciatus	Sfa-ABas_034
cssl	salarias_fasciatus	Sfa-ABas_035
cssl	salarias_fasciatus	Sfa-CBas_001
cssl	salarias_fasciatus	Sfa-CBas_002
cssl	salarias_fasciatus	Sfa-CBas_003
cssl	salarias_fasciatus	Sfa-CBas_006
cssl	salarias_fasciatus	Sfa-CBas_007
cssl	salarias_fasciatus	Sfa-CBas_008
cssl	salarias_fasciatus	Sfa-CBas_009
cssl	salarias_fasciatus	Sfa-CBas_010
cssl	salarias_fasciatus	Sfa-CBas_014
cssl	salarias_fasciatus	Sfa-CBas_015
cssl	salarias_fasciatus	Sfa-CBas_016
cssl	salarias_fasciatus	Sfa-CBas_017
cssl	salarias_fasciatus	Sfa-CBas_019
cssl	salarias_fasciatus	Sfa-CBas_020
cssl	salarias_fasciatus	Sfa-CBas_021
cssl	salarias_fasciatus	Sfa-CBas_023
cssl	salarias_fasciatus	Sfa-CBas_025
cssl	salarias_fasciatus	Sfa-CBas_026
cssl	salarias_fasciatus	Sfa-CBas_027
cssl	salarias_fasciatus	Sfa-CBas_028
cssl	salarias_fasciatus	Sfa-CBas_029
cssl	salarias_fasciatus	Sfa-CBas_030
cssl	salarias_fasciatus	Sfa-CBas_031
cssl	salarias_fasciatus	Sfa-CBas_032
cssl	salarias_fasciatus	Sfa-CBas_033
cssl	salarias_fasciatus	Sfa-CBas_036
cssl	salarias_fasciatus	Sfa-CBas_039
cssl	salarias_fasciatus	Sfa-CBas_041
cssl	salarias_fasciatus	Sfa-CBas_042
cssl	salarias_fasciatus	Sfa-CBas_043
cssl	salarias_fasciatus	Sfa-CBas_044
cssl	salarias_fasciatus	Sfa-CBas_046
cssl	salarias_fasciatus	Sfa-CBas_048
cssl	salarias_fasciatus	Sfa-CBas_056
cssl	salarias_fasciatus	Sfa-CBas_059
cssl	salarias_fasciatus	Sfa-CBas_061
cssl	salarias_fasciatus	Sfa-CBas_062
cssl	salarias_fasciatus	Sfa-CBas_066
cssl	salarias_fasciatus	Sfa-CBas_067
cssl	salarias_fasciatus	Sfa-CBas_073
cssl	salarias_fasciatus	Sfa-CBas_076
cssl	salarias_fasciatus	Sfa-CBas_078
cssl	salarias_fasciatus	Sfa-CBas_084
cssl	salarias_fasciatus	Sfa-CBas_086
cssl	salarias_fasciatus	Sfa-CBas_088
cssl	salarias_fasciatus	Sfa-CBas_090
cssl	salarias_fasciatus	Sfa-CBas_091
cssl	salarias_fasciatus	Sfa-CBas_092
cssl	salarias_fasciatus	Sfa-CBas_096
cssl	siganus_spinus	Ssp-AAtu_005
cssl	siganus_spinus	Ssp-AAtu_006
cssl	siganus_spinus	Ssp-AAtu_007
cssl	siganus_spinus	Ssp-AAtu_008
cssl	siganus_spinus	Ssp-AAtu_009
cssl	siganus_spinus	Ssp-AAtu_011
cssl	siganus_spinus	Ssp-AAtu_012
cssl	siganus_spinus	Ssp-AAtu_013
cssl	siganus_spinus	Ssp-AAtu_014
cssl	siganus_spinus	Ssp-AAtu_015
cssl	siganus_spinus	Ssp-AAtu_016
cssl	siganus_spinus	Ssp-AAtu_017
cssl	siganus_spinus	Ssp-AAtu_018
cssl	siganus_spinus	Ssp-AAtu_019
cssl	siganus_spinus	Ssp-AAtu_020
cssl	siganus_spinus	Ssp-AAtu_021
cssl	siganus_spinus	Ssp-AAtu_022
cssl	siganus_spinus	Ssp-AAtu_023
cssl	siganus_spinus	Ssp-AAtu_024
cssl	siganus_spinus	Ssp-AAtu_025
cssl	siganus_spinus	Ssp-AAtu_026
cssl	siganus_spinus	Ssp-AAtu_027
cssl	siganus_spinus	Ssp-AAtu_029
cssl	siganus_spinus	Ssp-AAtu_030
cssl	siganus_spinus	Ssp-AAtu_031
cssl	siganus_spinus	Ssp-AAtu_033
cssl	siganus_spinus	Ssp-AAtu_034
cssl	siganus_spinus	Ssp-AAtu_035
cssl	siganus_spinus	Ssp-AAtu_036
cssl	siganus_spinus	Ssp-AAtu_037
cssl	siganus_spinus	Ssp-AAtu_038
cssl	siganus_spinus	Ssp-AAtu_039
cssl	siganus_spinus	Ssp-AAtu_040
cssl	siganus_spinus	Ssp-AAtu_041
cssl	siganus_spinus	Ssp-AAtu_043
cssl	siganus_spinus	Ssp-AAtu_045
cssl	siganus_spinus	Ssp-AAtu_046
cssl	siganus_spinus	Ssp-AAtu_047
cssl	siganus_spinus	Ssp-AAtu_048
cssl	siganus_spinus	Ssp-AAtu_049
cssl	siganus_spinus	Ssp-AAtu_050
cssl	siganus_spinus	Ssp-AAtu_051
cssl	siganus_spinus	Ssp-AAtu_052
cssl	siganus_spinus	Ssp-CGub_004
cssl	siganus_spinus	Ssp-CGub_006
cssl	siganus_spinus	Ssp-CGub_008
cssl	siganus_spinus	Ssp-CGub_009
cssl	siganus_spinus	Ssp-CGub_011
cssl	siganus_spinus	Ssp-CGub_013
cssl	siganus_spinus	Ssp-CGub_014
cssl	siganus_spinus	Ssp-CGub_015
cssl	siganus_spinus	Ssp-CGub_016
cssl	siganus_spinus	Ssp-CGub_021
cssl	siganus_spinus	Ssp-CGub_022
cssl	siganus_spinus	Ssp-CGub_024
cssl	siganus_spinus	Ssp-CGub_027
cssl	siganus_spinus	Ssp-CGub_030
cssl	siganus_spinus	Ssp-CGub_031
cssl	siganus_spinus	Ssp-CGub_032
cssl	siganus_spinus	Ssp-CGub_033
cssl	siganus_spinus	Ssp-CGub_035
cssl	siganus_spinus	Ssp-CGub_036
cssl	siganus_spinus	Ssp-CGub_038
cssl	siganus_spinus	Ssp-CGub_039
cssl	siganus_spinus	Ssp-CGub_040
cssl	siganus_spinus	Ssp-CGub_041
cssl	siganus_spinus	Ssp-CGub_042
cssl	siganus_spinus	Ssp-CGub_043
cssl	siganus_spinus	Ssp-CGub_049
cssl	siganus_spinus	Ssp-CGub_050
cssl	siganus_spinus	Ssp-CGub_051
cssl	siganus_spinus	Ssp-CGub_052
cssl	siganus_spinus	Ssp-CGub_053
cssl	siganus_spinus	Ssp-CGub_054
cssl	siganus_spinus	Ssp-CGub_055
cssl	siganus_spinus	Ssp-CGub_056
cssl	siganus_spinus	Ssp-CGub_057
cssl	siganus_spinus	Ssp-CGub_058
cssl	siganus_spinus	Ssp-CGub_059
cssl	siganus_spinus	Ssp-CGub_061
cssl	siganus_spinus	Ssp-CGub_065
cssl	siganus_spinus	Ssp-CGub_066
cssl	siganus_spinus	Ssp-CGub_067
cssl	siganus_spinus	Ssp-CGub_070
cssl	siganus_spinus	Ssp-CGub_073
cssl	siganus_spinus	Ssp-CGub_076
cssl	siganus_spinus	Ssp-CGub_077
cssl	siganus_spinus	Ssp-CGub_078
cssl	siganus_spinus	Ssp-CGub_080
cssl	siganus_spinus	Ssp-CGub_082
cssl	siganus_spinus	Ssp-CGub_085
cssl	siganus_spinus	Ssp-CGub_089
cssl	siganus_spinus	Ssp-CGub_090
cssl	siganus_spinus	Ssp-CGub_091
cssl	siganus_spinus	Ssp-CGub_092
cssl	siganus_spinus	Ssp-CGub_094
cssl	siganus_spinus	Ssp-CGub_095
cssl	siganus_spinus	Ssp-CGub_096
cssl	spratelloides_delicatulus	SdA01001
cssl	spratelloides_delicatulus	SdA01002
cssl	spratelloides_delicatulus	SdA01003
cssl	spratelloides_delicatulus	SdA01005
cssl	spratelloides_delicatulus	SdA01006
cssl	spratelloides_delicatulus	SdA01007
cssl	spratelloides_delicatulus	SdA01008
cssl	spratelloides_delicatulus	SdA01009
cssl	spratelloides_delicatulus	SdA01010
cssl	spratelloides_delicatulus	SdA01011
cssl	spratelloides_delicatulus	SdA01012
cssl	spratelloides_delicatulus	SdA01013
cssl	spratelloides_delicatulus	SdA01014
cssl	spratelloides_delicatulus	SdA01015
cssl	spratelloides_delicatulus	SdA01016
cssl	spratelloides_delicatulus	SdA01017
cssl	spratelloides_delicatulus	SdA01018
cssl	spratelloides_delicatulus	SdA01019
cssl	spratelloides_delicatulus	SdA01020
cssl	spratelloides_delicatulus	SdA01021
cssl	spratelloides_delicatulus	SdA01022
cssl	spratelloides_delicatulus	SdA01023
cssl	spratelloides_delicatulus	SdA01024
cssl	spratelloides_delicatulus	SdA01025
cssl	spratelloides_delicatulus	SdA01026
cssl	spratelloides_delicatulus	SdA01027
cssl	spratelloides_delicatulus	SdA01028
cssl	spratelloides_delicatulus	SdA01029
cssl	spratelloides_delicatulus	SdA01030
cssl	spratelloides_delicatulus	SdA01031
cssl	spratelloides_delicatulus	SdA01032
cssl	spratelloides_delicatulus	SdA01033
cssl	spratelloides_delicatulus	SdA01034
cssl	spratelloides_delicatulus	SdA01035
cssl	spratelloides_delicatulus	SdA01036
cssl	spratelloides_delicatulus	SdA01037
cssl	spratelloides_delicatulus	SdA01038
cssl	spratelloides_delicatulus	SdA01039
cssl	spratelloides_delicatulus	SdA01040
cssl	spratelloides_delicatulus	SdA01041
cssl	spratelloides_delicatulus	SdA01042
cssl	spratelloides_delicatulus	SdA01043
cssl	spratelloides_delicatulus	SdA01045
cssl	spratelloides_delicatulus	SdA01046
cssl	spratelloides_delicatulus	SdA01047
cssl	spratelloides_delicatulus	SdA01048
cssl	spratelloides_delicatulus	SdA01049
cssl	spratelloides_delicatulus	SdA01050
cssl	spratelloides_delicatulus	SdA01051
cssl	spratelloides_delicatulus	SdA01052
cssl	spratelloides_delicatulus	SdA01053
cssl	spratelloides_delicatulus	SdA01054
cssl	spratelloides_delicatulus	SdA01055
cssl	spratelloides_delicatulus	SdA01056
cssl	spratelloides_delicatulus	SdA01057
cssl	spratelloides_delicatulus	SdA01059
cssl	spratelloides_delicatulus	SdA01060
cssl	spratelloides_delicatulus	SdA01061
cssl	spratelloides_delicatulus	SdA01062
cssl	spratelloides_delicatulus	SdA01063
cssl	spratelloides_delicatulus	SdA01064
cssl	spratelloides_delicatulus	SdA01065
cssl	spratelloides_delicatulus	SdA01066
cssl	spratelloides_delicatulus	SdA01067
cssl	spratelloides_delicatulus	SdA01068
cssl	spratelloides_delicatulus	SdA01069
cssl	spratelloides_delicatulus	SdA01071
cssl	spratelloides_delicatulus	SdA01072
cssl	spratelloides_delicatulus	SdA01073
cssl	spratelloides_delicatulus	SdA01074
cssl	spratelloides_delicatulus	SdA01075
cssl	spratelloides_delicatulus	SdA01076
cssl	spratelloides_delicatulus	SdA01077
cssl	spratelloides_delicatulus	SdA01078
cssl	spratelloides_delicatulus	SdA01079
cssl	spratelloides_delicatulus	SdA01080
cssl	spratelloides_delicatulus	SdA01082
cssl	spratelloides_delicatulus	SdA01083
cssl	spratelloides_delicatulus	SdA01084
cssl	spratelloides_delicatulus	SdA01085
cssl	spratelloides_delicatulus	SdA01086
cssl	spratelloides_delicatulus	SdA01087
cssl	spratelloides_delicatulus	SdA01088
cssl	spratelloides_delicatulus	SdA01089
cssl	spratelloides_delicatulus	SdA01090
cssl	spratelloides_delicatulus	SdA01091
cssl	spratelloides_delicatulus	SdA01092
cssl	spratelloides_delicatulus	SdA01094
cssl	spratelloides_delicatulus	SdA01095
cssl	spratelloides_delicatulus	SdA01096
cssl	spratelloides_delicatulus	SdA02001
cssl	spratelloides_delicatulus	SdA02002
cssl	spratelloides_delicatulus	SdA02003
cssl	spratelloides_delicatulus	SdA02004
cssl	spratelloides_delicatulus	SdA02005
cssl	spratelloides_delicatulus	SdA02006
cssl	spratelloides_delicatulus	SdA02007
cssl	spratelloides_delicatulus	SdA02008
cssl	spratelloides_delicatulus	SdA02009
cssl	spratelloides_delicatulus	SdA02010
cssl	spratelloides_delicatulus	SdA02011
cssl	spratelloides_delicatulus	SdA02012
cssl	spratelloides_delicatulus	SdA02013
cssl	spratelloides_delicatulus	SdA02014
cssl	spratelloides_delicatulus	SdA02015
cssl	spratelloides_delicatulus	SdA02016
cssl	spratelloides_delicatulus	SdA02017
cssl	spratelloides_delicatulus	SdA02019
cssl	spratelloides_delicatulus	SdA02020
cssl	spratelloides_delicatulus	SdA02021
cssl	spratelloides_delicatulus	SdA02022
cssl	spratelloides_delicatulus	SdA02023
cssl	spratelloides_delicatulus	SdA02024
cssl	spratelloides_delicatulus	SdA02025
cssl	spratelloides_delicatulus	SdA02026
cssl	spratelloides_delicatulus	SdA02027
cssl	spratelloides_delicatulus	SdA02030
cssl	spratelloides_delicatulus	SdA02031
cssl	spratelloides_delicatulus	SdA02032
cssl	spratelloides_delicatulus	SdA02033
cssl	spratelloides_delicatulus	SdA02034
cssl	spratelloides_delicatulus	SdA02035
cssl	spratelloides_delicatulus	SdA02036
cssl	spratelloides_delicatulus	SdA02037
cssl	spratelloides_delicatulus	SdA02038
cssl	spratelloides_delicatulus	SdA02039
cssl	spratelloides_delicatulus	SdA02041
cssl	spratelloides_delicatulus	SdA02044
cssl	spratelloides_delicatulus	SdA02045
cssl	spratelloides_delicatulus	SdA02046
cssl	spratelloides_delicatulus	SdA02047
cssl	spratelloides_delicatulus	SdA02048
cssl	spratelloides_delicatulus	SdA02049
cssl	spratelloides_delicatulus	SdA02050
cssl	spratelloides_delicatulus	SdA02051
cssl	spratelloides_delicatulus	SdA02052
cssl	spratelloides_delicatulus	SdA02053
cssl	spratelloides_delicatulus	SdA02054
cssl	spratelloides_delicatulus	SdA02055
cssl	spratelloides_delicatulus	SdA02056
cssl	spratelloides_delicatulus	SdA02057
cssl	spratelloides_delicatulus	SdA02058
cssl	spratelloides_delicatulus	SdA02059
cssl	spratelloides_delicatulus	SdA02060
cssl	spratelloides_delicatulus	SdA02061
cssl	spratelloides_delicatulus	SdA02062
cssl	spratelloides_delicatulus	SdA02063
cssl	spratelloides_delicatulus	SdA02064
cssl	spratelloides_delicatulus	SdA02065
cssl	spratelloides_delicatulus	SdC01001
cssl	spratelloides_delicatulus	SdC01002
cssl	spratelloides_delicatulus	SdC01003
cssl	spratelloides_delicatulus	SdC01004
cssl	spratelloides_delicatulus	SdC01005
cssl	spratelloides_delicatulus	SdC01006
cssl	spratelloides_delicatulus	SdC01007
cssl	spratelloides_delicatulus	SdC01008
cssl	spratelloides_delicatulus	SdC01009
cssl	spratelloides_delicatulus	SdC01010
cssl	spratelloides_delicatulus	SdC01011
cssl	spratelloides_delicatulus	SdC01012
cssl	spratelloides_delicatulus	SdC01013
cssl	spratelloides_delicatulus	SdC01014
cssl	spratelloides_delicatulus	SdC01015
cssl	spratelloides_delicatulus	SdC01016
cssl	spratelloides_delicatulus	SdC01017
cssl	spratelloides_delicatulus	SdC01018
cssl	spratelloides_delicatulus	SdC01020
cssl	spratelloides_delicatulus	SdC01021
cssl	spratelloides_delicatulus	SdC01022
cssl	spratelloides_delicatulus	SdC01023
cssl	spratelloides_delicatulus	SdC01024
cssl	spratelloides_delicatulus	SdC01025
cssl	spratelloides_delicatulus	SdC01026
cssl	spratelloides_delicatulus	SdC01027
cssl	spratelloides_delicatulus	SdC01028
cssl	spratelloides_delicatulus	SdC01029
cssl	spratelloides_delicatulus	SdC01030
cssl	spratelloides_delicatulus	SdC01031
cssl	spratelloides_delicatulus	SdC01032
cssl	spratelloides_delicatulus	SdC01033
cssl	spratelloides_delicatulus	SdC01034
cssl	spratelloides_delicatulus	SdC01035
cssl	spratelloides_delicatulus	SdC01036
cssl	spratelloides_delicatulus	SdC01037
cssl	spratelloides_delicatulus	SdC01038
cssl	spratelloides_delicatulus	SdC01039
cssl	spratelloides_delicatulus	SdC01040
cssl	spratelloides_delicatulus	SdC01041
cssl	spratelloides_delicatulus	SdC01042
cssl	spratelloides_delicatulus	SdC01043
cssl	spratelloides_delicatulus	SdC01044
cssl	spratelloides_delicatulus	SdC01045
cssl	spratelloides_delicatulus	SdC01046
cssl	spratelloides_delicatulus	SdC01047
cssl	spratelloides_delicatulus	SdC01048
cssl	spratelloides_delicatulus	SdC01049
cssl	spratelloides_delicatulus	SdC01050
cssl	spratelloides_delicatulus	SdC01051
cssl	spratelloides_delicatulus	SdC01053
cssl	spratelloides_delicatulus	SdC01054
cssl	spratelloides_delicatulus	SdC01055
cssl	spratelloides_delicatulus	SdC01056
cssl	spratelloides_delicatulus	SdC01057
cssl	spratelloides_delicatulus	SdC01058
cssl	spratelloides_delicatulus	SdC01059
cssl	spratelloides_delicatulus	SdC01060
cssl	spratelloides_delicatulus	SdC01061
cssl	spratelloides_delicatulus	SdC01062
cssl	spratelloides_delicatulus	SdC01063
cssl	spratelloides_delicatulus	SdC01064
cssl	spratelloides_delicatulus	SdC01065
cssl	spratelloides_delicatulus	SdC01066
cssl	spratelloides_delicatulus	SdC01067
cssl	spratelloides_delicatulus	SdC01068
cssl	spratelloides_delicatulus	SdC01069
cssl	spratelloides_delicatulus	SdC01070
cssl	spratelloides_delicatulus	SdC01071
cssl	spratelloides_delicatulus	SdC01072
cssl	spratelloides_delicatulus	SdC01073
cssl	spratelloides_delicatulus	SdC01074
cssl	spratelloides_delicatulus	SdC01075
cssl	spratelloides_delicatulus	SdC01076
cssl	spratelloides_delicatulus	SdC01077
cssl	spratelloides_delicatulus	SdC01079
cssl	spratelloides_delicatulus	SdC01080
cssl	spratelloides_delicatulus	SdC01081
cssl	spratelloides_delicatulus	SdC01082
cssl	spratelloides_delicatulus	SdC01083
cssl	spratelloides_delicatulus	SdC01084
cssl	spratelloides_delicatulus	SdC01085
cssl	spratelloides_delicatulus	SdC01086
cssl	spratelloides_delicatulus	SdC01087
cssl	spratelloides_delicatulus	SdC01088
cssl	spratelloides_delicatulus	SdC01089
cssl	spratelloides_delicatulus	SdC01090
cssl	spratelloides_delicatulus	SdC02001
cssl	spratelloides_delicatulus	SdC02002
cssl	spratelloides_delicatulus	SdC02003
cssl	spratelloides_delicatulus	SdC02004
cssl	spratelloides_delicatulus	SdC02005
cssl	spratelloides_delicatulus	SdC02006
cssl	spratelloides_delicatulus	SdC02007
cssl	spratelloides_delicatulus	SdC02008
cssl	spratelloides_delicatulus	SdC02010
cssl	spratelloides_delicatulus	SdC02013
cssl	spratelloides_delicatulus	SdC02014
cssl	spratelloides_delicatulus	SdC02016
cssl	spratelloides_delicatulus	SdC02018
cssl	spratelloides_delicatulus	SdC02019
cssl	spratelloides_delicatulus	SdC02020
cssl	spratelloides_delicatulus	SdC02022
cssl	spratelloides_delicatulus	SdC02027
cssl	spratelloides_delicatulus	SdC02028
cssl	spratelloides_delicatulus	SdC02029
cssl	spratelloides_delicatulus	SdC02031
cssl	spratelloides_delicatulus	SdC02035
cssl	spratelloides_delicatulus	SdC02036
cssl	spratelloides_delicatulus	SdC02037
cssl	spratelloides_delicatulus	SdC02040
cssl	spratelloides_delicatulus	SdC02041
cssl	spratelloides_delicatulus	SdC02043
cssl	spratelloides_delicatulus	SdC02044
cssl	spratelloides_delicatulus	SdC02045
cssl	spratelloides_delicatulus	SdC02046
cssl	spratelloides_delicatulus	SdC02048
cssl	spratelloides_delicatulus	SdC02050
cssl	spratelloides_delicatulus	SdC02051
cssl	spratelloides_delicatulus	SdC02054
cssl	spratelloides_delicatulus	SdC02056
cssl	spratelloides_delicatulus	SdC02059
cssl	spratelloides_delicatulus	SdC02060
cssl	spratelloides_delicatulus	SdC02063
cssl	spratelloides_delicatulus	SdC02064
cssl	spratelloides_delicatulus	SdC02065
cssl	spratelloides_delicatulus	SdC02066
cssl	spratelloides_delicatulus	SdC02070
cssl	spratelloides_delicatulus	SdC02072
cssl	spratelloides_delicatulus	SdC02074
cssl	spratelloides_delicatulus	SdC02075
cssl	spratelloides_delicatulus	SdC02077
cssl	spratelloides_delicatulus	SdC02078
cssl	spratelloides_delicatulus	SdC02080
cssl	spratelloides_delicatulus	SdC02081
cssl	spratelloides_delicatulus	SdC02082
cssl	spratelloides_delicatulus	SdC02083
cssl	spratelloides_delicatulus	SdC02084
cssl	spratelloides_delicatulus	SdC02087
cssl	spratelloides_delicatulus	SdC02090
cssl	spratelloides_delicatulus	SdC02092
cssl	spratelloides_delicatulus	SdC02093
cssl	spratelloides_delicatulus	SdC02094
cssl	spratelloides_delicatulus	SdC02095
cssl	spratelloides_delicatulus	SdC02096
cssl	spratelloides_delicatulus	Sde-ABul_001
cssl	spratelloides_delicatulus	Sde-ABul_002
cssl	spratelloides_delicatulus	Sde-ABul_003
cssl	spratelloides_delicatulus	Sde-ABul_004
cssl	spratelloides_delicatulus	Sde-ABul_006
cssl	spratelloides_delicatulus	Sde-ABul_007
cssl	spratelloides_delicatulus	Sde-ABul_008
cssl	spratelloides_delicatulus	Sde-ABul_009
cssl	spratelloides_delicatulus	Sde-ABul_011
cssl	spratelloides_delicatulus	Sde-ABul_014
cssl	spratelloides_delicatulus	Sde-ABul_016
cssl	spratelloides_delicatulus	Sde-ABul_017
cssl	spratelloides_delicatulus	Sde-ABul_018
cssl	spratelloides_delicatulus	Sde-ABul_019
cssl	spratelloides_delicatulus	Sde-ABul_020
cssl	spratelloides_delicatulus	Sde-ABul_021
cssl	spratelloides_delicatulus	Sde-ABul_022
cssl	spratelloides_delicatulus	Sde-ABul_024
cssl	spratelloides_delicatulus	Sde-ABul_027
cssl	spratelloides_delicatulus	Sde-ABul_028
cssl	spratelloides_delicatulus	Sde-ABul_029
cssl	spratelloides_delicatulus	Sde-ABul_030
cssl	spratelloides_delicatulus	Sde-ABul_031
cssl	spratelloides_delicatulus	Sde-ABul_032
cssl	spratelloides_delicatulus	Sde-ABul_034
cssl	spratelloides_delicatulus	Sde-ABul_035
cssl	spratelloides_delicatulus	Sde-ABul_039
cssl	spratelloides_delicatulus	Sde-ABul_040
cssl	spratelloides_delicatulus	Sde-ABul_041
cssl	spratelloides_delicatulus	Sde-ABul_042
cssl	spratelloides_delicatulus	Sde-ABul_043
cssl	spratelloides_delicatulus	Sde-ABul_046
cssl	spratelloides_delicatulus	Sde-ABul_047
cssl	spratelloides_delicatulus	Sde-ABul_049
cssl	spratelloides_delicatulus	Sde-ABul_050
cssl	spratelloides_delicatulus	Sde-ABul_051
cssl	spratelloides_delicatulus	Sde-ABul_052
cssl	spratelloides_delicatulus	Sde-ABul_053
cssl	spratelloides_delicatulus	Sde-ABul_054
cssl	spratelloides_delicatulus	Sde-ABul_055
cssl	spratelloides_delicatulus	Sde-ABul_056
cssl	spratelloides_delicatulus	Sde-ABul_057
cssl	spratelloides_delicatulus	Sde-ABul_058
cssl	spratelloides_delicatulus	Sde-ABul_059
cssl	spratelloides_delicatulus	Sde-ABul_060
cssl	spratelloides_delicatulus	Sde-ABul_061
cssl	spratelloides_delicatulus	Sde-ABul_062
cssl	spratelloides_delicatulus	Sde-ABul_063
cssl	spratelloides_delicatulus	Sde-ABul_065
cssl	spratelloides_delicatulus	Sde-ABul_066
cssl	spratelloides_delicatulus	Sde-ABul_067
cssl	spratelloides_delicatulus	Sde-ABul_068
cssl	spratelloides_delicatulus	Sde-ABul_069
cssl	spratelloides_delicatulus	Sde-ABul_070
cssl	spratelloides_delicatulus	Sde-ABul_071
cssl	spratelloides_delicatulus	Sde-ABul_072
cssl	spratelloides_delicatulus	Sde-ABul_073
cssl	spratelloides_delicatulus	Sde-ABul_074
cssl	spratelloides_delicatulus	Sde-ABul_075
cssl	spratelloides_delicatulus	Sde-ABul_076
cssl	spratelloides_delicatulus	Sde-ABul_077
cssl	spratelloides_delicatulus	Sde-ABul_078
cssl	spratelloides_delicatulus	Sde-ABul_079
cssl	spratelloides_delicatulus	Sde-ABul_080
cssl	spratelloides_delicatulus	Sde-ABul_081
cssl	spratelloides_delicatulus	Sde-ABul_082
cssl	spratelloides_delicatulus	Sde-ABul_083
cssl	spratelloides_delicatulus	Sde-ABul_085
cssl	spratelloides_delicatulus	Sde-ABul_086
cssl	spratelloides_delicatulus	Sde-ABul_087
cssl	spratelloides_delicatulus	Sde-ABul_089
cssl	spratelloides_delicatulus	Sde-ABul_090
cssl	spratelloides_delicatulus	Sde-ABul_091
cssl	spratelloides_delicatulus	Sde-ABul_092
cssl	spratelloides_delicatulus	Sde-ABul_093
cssl	spratelloides_delicatulus	Sde-ABul_094
cssl	spratelloides_delicatulus	Sde-ABul_095
cssl	spratelloides_delicatulus	Sde-ABul_096
cssl	spratelloides_delicatulus	Sde-AGui_001
cssl	spratelloides_delicatulus	Sde-AGui_002
cssl	spratelloides_delicatulus	Sde-AGui_003
cssl	spratelloides_delicatulus	Sde-AGui_004
cssl	spratelloides_delicatulus	Sde-AGui_005
cssl	spratelloides_delicatulus	Sde-AGui_006
cssl	spratelloides_delicatulus	Sde-AGui_007
cssl	spratelloides_delicatulus	Sde-AGui_008
cssl	spratelloides_delicatulus	Sde-AGui_009
cssl	spratelloides_delicatulus	Sde-AGui_010
cssl	spratelloides_delicatulus	Sde-AGui_011
cssl	spratelloides_delicatulus	Sde-AGui_012
cssl	spratelloides_delicatulus	Sde-AGui_013
cssl	spratelloides_delicatulus	Sde-AGui_014
cssl	spratelloides_delicatulus	Sde-AGui_015
cssl	spratelloides_delicatulus	Sde-AGui_016
cssl	spratelloides_delicatulus	Sde-AGui_017
cssl	spratelloides_delicatulus	Sde-AGui_018
cssl	spratelloides_delicatulus	Sde-AGui_019
cssl	spratelloides_delicatulus	Sde-AGui_020
cssl	spratelloides_delicatulus	Sde-AGui_021
cssl	spratelloides_delicatulus	Sde-AGui_022
cssl	spratelloides_delicatulus	Sde-AGui_023
cssl	spratelloides_delicatulus	Sde-AGui_024
cssl	spratelloides_delicatulus	Sde-AGui_025
cssl	spratelloides_delicatulus	Sde-AGui_026
cssl	spratelloides_delicatulus	Sde-AGui_027
cssl	spratelloides_delicatulus	Sde-AGui_028
cssl	spratelloides_delicatulus	Sde-AGui_029
cssl	spratelloides_delicatulus	Sde-AGui_030
cssl	spratelloides_delicatulus	Sde-AGui_031
cssl	spratelloides_delicatulus	Sde-AGui_032
cssl	spratelloides_delicatulus	Sde-AGui_033
cssl	spratelloides_delicatulus	Sde-AGui_034
cssl	spratelloides_delicatulus	Sde-AGui_035
cssl	spratelloides_delicatulus	Sde-AMar_055
cssl	spratelloides_delicatulus	Sde-AMar_061
cssl	spratelloides_delicatulus	Sde-AMat_002
cssl	spratelloides_delicatulus	Sde-AMat_005
cssl	spratelloides_delicatulus	Sde-ATum_001
cssl	spratelloides_delicatulus	Sde-ATum_002
cssl	spratelloides_delicatulus	Sde-ATum_003
cssl	spratelloides_delicatulus	Sde-ATum_004
cssl	spratelloides_delicatulus	Sde-ATum_007
cssl	spratelloides_delicatulus	Sde-ATum_008
cssl	spratelloides_delicatulus	Sde-ATum_009
cssl	spratelloides_delicatulus	Sde-ATum_010
cssl	spratelloides_delicatulus	Sde-ATum_011
cssl	spratelloides_delicatulus	Sde-ATum_012
cssl	spratelloides_delicatulus	Sde-ATum_013
cssl	spratelloides_delicatulus	Sde-ATum_014
cssl	spratelloides_delicatulus	Sde-ATum_017
cssl	spratelloides_delicatulus	Sde-ATum_018
cssl	spratelloides_delicatulus	Sde-ATum_019
cssl	spratelloides_delicatulus	Sde-ATum_020
cssl	spratelloides_delicatulus	Sde-ATum_021
cssl	spratelloides_delicatulus	Sde-ATum_022
cssl	spratelloides_delicatulus	Sde-ATum_023
cssl	spratelloides_delicatulus	Sde-ATum_024
cssl	spratelloides_delicatulus	Sde-ATum_025
cssl	spratelloides_delicatulus	Sde-ATum_026
cssl	spratelloides_delicatulus	Sde-ATum_027
cssl	spratelloides_delicatulus	Sde-ATum_029
cssl	spratelloides_delicatulus	Sde-ATum_030
cssl	spratelloides_delicatulus	Sde-ATum_031
cssl	spratelloides_delicatulus	Sde-ATum_032
cssl	spratelloides_delicatulus	Sde-ATum_033
cssl	spratelloides_delicatulus	Sde-ATum_034
cssl	spratelloides_delicatulus	Sde-ATum_035
cssl	spratelloides_delicatulus	Sde-ATum_037
cssl	spratelloides_delicatulus	Sde-ATum_038
cssl	spratelloides_delicatulus	Sde-ATum_039
cssl	spratelloides_delicatulus	Sde-ATum_040
cssl	spratelloides_delicatulus	Sde-ATum_041
cssl	spratelloides_delicatulus	Sde-ATum_042
cssl	spratelloides_delicatulus	Sde-ATum_043
cssl	spratelloides_delicatulus	Sde-ATum_044
cssl	spratelloides_delicatulus	Sde-ATum_045
cssl	spratelloides_delicatulus	Sde-ATum_047
cssl	spratelloides_delicatulus	Sde-ATum_048
cssl	spratelloides_delicatulus	Sde-CHam_014
cssl	spratelloides_delicatulus	Sde-CHam_077
cssl	spratelloides_delicatulus	Sde-CJol_006
cssl	spratelloides_delicatulus	Sde-CJol_012
cssl	spratelloides_delicatulus	Sde-CJol_014
cssl	spratelloides_delicatulus	Sde-CJol_015
cssl	spratelloides_delicatulus	Sde-CJol_020
cssl	spratelloides_delicatulus	Sde-CJol_022
cssl	spratelloides_delicatulus	Sde-CJol_024
cssl	spratelloides_delicatulus	Sde-CJol_026
cssl	spratelloides_delicatulus	Sde-CJol_027
cssl	spratelloides_delicatulus	Sde-CJol_028
cssl	spratelloides_delicatulus	Sde-CJol_029
cssl	spratelloides_delicatulus	Sde-CJol_030
cssl	spratelloides_delicatulus	Sde-CJol_031
cssl	spratelloides_delicatulus	Sde-CJol_032
cssl	spratelloides_delicatulus	Sde-CJol_033
cssl	spratelloides_delicatulus	Sde-CJol_034
cssl	spratelloides_delicatulus	Sde-CJol_035
cssl	spratelloides_delicatulus	Sde-CJol_038
cssl	spratelloides_delicatulus	Sde-CJol_039
cssl	spratelloides_delicatulus	Sde-CJol_040
cssl	spratelloides_delicatulus	Sde-CJol_041
cssl	spratelloides_delicatulus	Sde-CJol_042
cssl	spratelloides_delicatulus	Sde-CJol_043
cssl	spratelloides_delicatulus	Sde-CJol_044
cssl	spratelloides_delicatulus	Sde-CJol_045
cssl	spratelloides_delicatulus	Sde-CJol_046
cssl	spratelloides_delicatulus	Sde-CJol_047
cssl	spratelloides_delicatulus	Sde-CJol_048
cssl	spratelloides_delicatulus	Sde-CJol_050
cssl	spratelloides_delicatulus	Sde-CJol_051
cssl	spratelloides_delicatulus	Sde-CJol_053
cssl	spratelloides_delicatulus	Sde-CJol_054
cssl	spratelloides_delicatulus	Sde-CJol_055
cssl	spratelloides_delicatulus	Sde-CJol_056
cssl	spratelloides_delicatulus	Sde-CJol_057
cssl	spratelloides_delicatulus	Sde-CJol_058
cssl	spratelloides_delicatulus	Sde-CJol_059
cssl	spratelloides_delicatulus	Sde-CJol_060
cssl	spratelloides_delicatulus	Sde-CJol_062
cssl	spratelloides_delicatulus	Sde-CJol_064
cssl	spratelloides_delicatulus	Sde-CJol_065
cssl	spratelloides_delicatulus	Sde-CJol_067
cssl	spratelloides_delicatulus	Sde-CJol_068
cssl	spratelloides_delicatulus	Sde-CJol_069
cssl	spratelloides_delicatulus	Sde-CJol_070
cssl	spratelloides_delicatulus	Sde-CJol_071
cssl	spratelloides_delicatulus	Sde-CJol_072
cssl	spratelloides_delicatulus	Sde-CJol_074
cssl	spratelloides_delicatulus	Sde-CJol_075
cssl	spratelloides_delicatulus	Sde-CJol_076
cssl	spratelloides_delicatulus	Sde-CJol_077
cssl	spratelloides_delicatulus	Sde-CJol_078
cssl	spratelloides_delicatulus	Sde-CJol_079
cssl	spratelloides_delicatulus	Sde-CJol_080
cssl	spratelloides_delicatulus	Sde-CJol_083
cssl	spratelloides_delicatulus	Sde-CJol_084
cssl	spratelloides_delicatulus	Sde-CJol_086
cssl	spratelloides_delicatulus	Sde-CJol_088
cssl	spratelloides_delicatulus	Sde-CJol_089
cssl	spratelloides_delicatulus	Sde-CJol_090
cssl	spratelloides_delicatulus	Sde-CJol_091
cssl	spratelloides_delicatulus	Sde-CJol_092
cssl	spratelloides_delicatulus	Sde-CJol_094
cssl	spratelloides_delicatulus	Sde-CJol_096
cssl	spratelloides_delicatulus	Sde-CMat_055
cssl	spratelloides_delicatulus	Sde-CMat_061
cssl	spratelloides_delicatulus	Sde-CTum_001
cssl	spratelloides_delicatulus	Sde-CTum_002
cssl	spratelloides_delicatulus	Sde-CTum_003
cssl	spratelloides_delicatulus	Sde-CTum_004
cssl	spratelloides_delicatulus	Sde-CTum_005
cssl	spratelloides_delicatulus	Sde-CTum_006
cssl	spratelloides_delicatulus	Sde-CTum_007
cssl	spratelloides_delicatulus	Sde-CTum_008
cssl	spratelloides_delicatulus	Sde-CTum_009
cssl	spratelloides_delicatulus	Sde-CTum_010
cssl	spratelloides_delicatulus	Sde-CTum_011
cssl	spratelloides_delicatulus	Sde-CTum_012
cssl	spratelloides_delicatulus	Sde-CTum_013
cssl	spratelloides_delicatulus	Sde-CTum_014
cssl	spratelloides_delicatulus	Sde-CTum_015
cssl	spratelloides_delicatulus	Sde-CTum_016
cssl	spratelloides_delicatulus	Sde-CTum_017
cssl	spratelloides_delicatulus	Sde-CTum_018
cssl	spratelloides_delicatulus	Sde-CTum_019
cssl	spratelloides_delicatulus	Sde-CTum_020
cssl	spratelloides_delicatulus	Sde-CTum_021
cssl	spratelloides_delicatulus	Sde-CTum_022
cssl	spratelloides_delicatulus	Sde-CTum_023
cssl	spratelloides_delicatulus	Sde-CTum_024
cssl	spratelloides_delicatulus	Sde-CTum_025
cssl	spratelloides_delicatulus	Sde-CTum_026
cssl	spratelloides_delicatulus	Sde-CTum_027
cssl	spratelloides_delicatulus	Sde-CTum_028
cssl	spratelloides_delicatulus	Sde-CTum_029
cssl	spratelloides_delicatulus	Sde-CTum_030
cssl	spratelloides_delicatulus	Sde-CTum_031
cssl	spratelloides_delicatulus	Sde-CTum_032
cssl	spratelloides_delicatulus	Sde-CTum_033
cssl	spratelloides_delicatulus	Sde-CTum_034
cssl	spratelloides_delicatulus	Sde-CTum_035
cssl	spratelloides_delicatulus	Sde-CTum_036
cssl	spratelloides_delicatulus	Sde-CTum_037
cssl	spratelloides_delicatulus	Sde-CTum_038
cssl	spratelloides_delicatulus	Sde-CTum_039
cssl	spratelloides_delicatulus	Sde-CTum_040
cssl	spratelloides_delicatulus	Sde-CTum_041
cssl	spratelloides_delicatulus	Sde-CTum_042
cssl	spratelloides_delicatulus	Sde-CTum_043
cssl	spratelloides_delicatulus	Sde-CTum_044
cssl	spratelloides_delicatulus	Sde-CTum_045
cssl	spratelloides_delicatulus	Sde-CTum_046
cssl	spratelloides_delicatulus	Sde-CTum_047
cssl	spratelloides_delicatulus	Sde-CTum_048
cssl	spratelloides_delicatulus	Sde-CTum_049
cssl	spratelloides_delicatulus	Sde-CTum_050
cssl	spratelloides_delicatulus	Sde-CTum_051
cssl	spratelloides_delicatulus	Sde-CTum_052
cssl	spratelloides_delicatulus	Sde-CTum_053
cssl	spratelloides_delicatulus	Sde-CTum_054
cssl	spratelloides_delicatulus	Sde-CTum_055
cssl	spratelloides_delicatulus	Sde-CTum_056
cssl	spratelloides_delicatulus	Sde-CTum_057
cssl	spratelloides_delicatulus	Sde-CTum_058
cssl	spratelloides_delicatulus	Sde-CTum_059
cssl	spratelloides_delicatulus	Sde-CTum_060
cssl	spratelloides_delicatulus	Sde-CTum_061
cssl	spratelloides_delicatulus	Sde-CTum_062
cssl	spratelloides_delicatulus	Sde-CTum_063
cssl	spratelloides_delicatulus	Sde-CTum_064
cssl	spratelloides_delicatulus	Sde-CVal_001
cssl	spratelloides_delicatulus	Sde-CVal_002
cssl	spratelloides_delicatulus	Sde-CVal_003
cssl	spratelloides_delicatulus	Sde-CVal_004
cssl	spratelloides_delicatulus	Sde-CVal_005
cssl	spratelloides_delicatulus	Sde-CVal_007
cssl	spratelloides_delicatulus	Sde-CVal_008
cssl	spratelloides_delicatulus	Sde-CVal_009
cssl	spratelloides_delicatulus	Sde-CVal_010
cssl	spratelloides_delicatulus	Sde-CVal_011
cssl	spratelloides_delicatulus	Sde-CVal_012
cssl	spratelloides_delicatulus	Sde-CVal_013
cssl	spratelloides_delicatulus	Sde-CVal_014
cssl	spratelloides_delicatulus	Sde-CVal_015
cssl	spratelloides_delicatulus	Sde-CVal_016
cssl	spratelloides_delicatulus	Sde-CVal_020
cssl	spratelloides_delicatulus	Sde-CVal_021
cssl	spratelloides_delicatulus	Sde-CVal_022
cssl	spratelloides_delicatulus	Sde-CVal_023
cssl	spratelloides_delicatulus	Sde-CVal_024
cssl	spratelloides_delicatulus	Sde-CVal_025
cssl	spratelloides_delicatulus	Sde-CVal_027
cssl	spratelloides_delicatulus	Sde-CVal_028
cssl	spratelloides_delicatulus	Sde-CVal_029
cssl	spratelloides_delicatulus	Sde-CVal_030
cssl	spratelloides_delicatulus	Sde-CVal_032
cssl	spratelloides_delicatulus	Sde-CVal_033
cssl	spratelloides_delicatulus	Sde-CVal_034
cssl	spratelloides_delicatulus	Sde-CVal_035
cssl	spratelloides_delicatulus	Sde-CVal_038
cssl	spratelloides_delicatulus	Sde-CVal_040
cssl	spratelloides_delicatulus	Sde-CVal_044
cssl	spratelloides_delicatulus	Sde-CVal_047
cssl	spratelloides_delicatulus	Sde-CVal_049
cssl	spratelloides_delicatulus	Sde-CVal_051
cssl	spratelloides_delicatulus	Sde-CVal_053
cssl	spratelloides_delicatulus	Sde-CVal_056
cssl	spratelloides_delicatulus	Sde-CVal_057
cssl	spratelloides_delicatulus	Sde-CVal_058
cssl	spratelloides_delicatulus	Sde-CVal_059
cssl	spratelloides_delicatulus	Sde-CVal_060
cssl	spratelloides_delicatulus	Sde-CVal_061
cssl	spratelloides_delicatulus	Sde-CVal_063
cssl	spratelloides_delicatulus	Sde-CVal_068
cssl	spratelloides_delicatulus	Sde-CVal_071
cssl	spratelloides_delicatulus	Sde-CVal_073
cssl	spratelloides_delicatulus	Sde-CVal_074
cssl	spratelloides_delicatulus	Sde-CVal_077
cssl	spratelloides_delicatulus	Sde-CVal_080
cssl	spratelloides_delicatulus	Sde-CVal_081
cssl	spratelloides_delicatulus	Sde-CVal_082
cssl	spratelloides_delicatulus	Sde-CVal_083
cssl	spratelloides_delicatulus	Sde-CVal_084
cssl	spratelloides_delicatulus	Sde-CVal_085
cssl	spratelloides_delicatulus	Sde-CVal_086
cssl	spratelloides_delicatulus	Sde-CVal_087
cssl	spratelloides_delicatulus	Sde-CVal_089
cssl	spratelloides_delicatulus	Sde-CVal_090
cssl	spratelloides_delicatulus	Sde-CVal_091
cssl	spratelloides_delicatulus	Sde-CVal_092
cssl	spratelloides_delicatulus	Sde-CVal_093
cssl	spratelloides_delicatulus	Sde-CVal_094
cssl	spratelloides_delicatulus	Sde-CVal_095
cssl	spratelloides_delicatulus	Sde-CVal_096
cssl	taeniamia_biguttata	Tbi-ARos_001
cssl	taeniamia_biguttata	Tbi-ARos_002
cssl	taeniamia_biguttata	Tbi-ARos_003
cssl	taeniamia_biguttata	Tbi-ARos_004
cssl	taeniamia_biguttata	Tbi-ARos_005
cssl	taeniamia_biguttata	Tbi-ARos_006
cssl	taeniamia_biguttata	Tbi-ARos_007
cssl	taeniamia_biguttata	Tbi-ARos_008
cssl	taeniamia_biguttata	Tbi-ARos_009
cssl	taeniamia_biguttata	Tbi-ARos_010
cssl	taeniamia_biguttata	Tbi-ARos_011
cssl	taeniamia_biguttata	Tbi-ARos_012
cssl	taeniamia_biguttata	Tbi-ARos_013
cssl	taeniamia_biguttata	Tbi-ARos_014
cssl	taeniamia_biguttata	Tbi-ARos_015
cssl	taeniamia_biguttata	Tbi-ARos_016
cssl	taeniamia_biguttata	Tbi-ARos_017
cssl	taeniamia_biguttata	Tbi-ARos_018
cssl	taeniamia_biguttata	Tbi-ARos_019
cssl	taeniamia_biguttata	Tbi-ARos_020
cssl	taeniamia_biguttata	Tbi-ARos_021
cssl	taeniamia_biguttata	Tbi-ARos_022
cssl	taeniamia_biguttata	Tbi-ARos_023
cssl	taeniamia_biguttata	Tbi-ARos_024
cssl	taeniamia_biguttata	Tbi-ARos_025
cssl	taeniamia_biguttata	Tbi-ARos_026
cssl	taeniamia_biguttata	Tbi-ARos_028
cssl	taeniamia_biguttata	Tbi-ARos_029
cssl	taeniamia_biguttata	Tbi-ARos_030
cssl	taeniamia_biguttata	Tbi-ARos_032
cssl	taeniamia_biguttata	Tbi-ARos_033
cssl	taeniamia_biguttata	Tbi-CJos_001
cssl	taeniamia_biguttata	Tbi-CJos_004
cssl	taeniamia_biguttata	Tbi-CJos_005
cssl	taeniamia_biguttata	Tbi-CJos_006
cssl	taeniamia_biguttata	Tbi-CJos_007
cssl	taeniamia_biguttata	Tbi-CJos_008
cssl	taeniamia_biguttata	Tbi-CJos_009
cssl	taeniamia_biguttata	Tbi-CJos_010
cssl	taeniamia_biguttata	Tbi-CJos_011
cssl	taeniamia_biguttata	Tbi-CJos_012
cssl	taeniamia_biguttata	Tbi-CJos_013
cssl	taeniamia_biguttata	Tbi-CJos_014
cssl	taeniamia_biguttata	Tbi-CJos_015
cssl	taeniamia_biguttata	Tbi-CJos_016
cssl	taeniamia_biguttata	Tbi-CJos_017
cssl	taeniamia_biguttata	Tbi-CJos_018
cssl	taeniamia_biguttata	Tbi-CJos_020
cssl	taeniamia_biguttata	Tbi-CJos_022
cssl	taeniamia_biguttata	Tbi-CJos_023
cssl	taeniamia_biguttata	Tbi-CJos_025
cssl	taeniamia_biguttata	Tbi-CJos_026
cssl	taeniamia_biguttata	Tbi-CJos_027
cssl	taeniamia_biguttata	Tbi-CJos_028
cssl	taeniamia_biguttata	Tbi-CJos_029
cssl	taeniamia_biguttata	Tbi-CJos_030
cssl	taeniamia_biguttata	Tbi-CJos_031
cssl	taeniamia_biguttata	Tbi-CJos_032
cssl	taeniamia_biguttata	Tbi-CJos_033
cssl	taeniamia_biguttata	Tbi-CJos_034
cssl	taeniamia_biguttata	Tbi-CJos_035
cssl	taeniamia_biguttata	Tbi-CJos_036
cssl	taeniamia_biguttata	Tbi-CJos_037
cssl	taeniamia_biguttata	Tbi-CJos_038
cssl	taeniamia_biguttata	Tbi-CJos_039
cssl	taeniamia_biguttata	Tbi-CJos_040
cssl	taeniamia_biguttata	Tbi-CJos_041
cssl	taeniamia_biguttata	Tbi-CJos_042
cssl	taeniamia_biguttata	Tbi-CJos_043
cssl	taeniamia_biguttata	Tbi-CJos_044
cssl	taeniamia_biguttata	Tbi-CJos_046
cssl	taeniamia_biguttata	Tbi-CJos_048
cssl	taeniamia_biguttata	Tbi-CJos_052
cssl	taeniamia_biguttata	Tbi-CJos_053
cssl	taeniamia_biguttata	Tbi-CJos_055
cssl	taeniamia_biguttata	Tbi-CJos_056
cssl	taeniamia_biguttata	Tbi-CJos_057
cssl	taeniamia_biguttata	Tbi-CJos_059
cssl	taeniamia_biguttata	Tbi-CJos_060
cssl	taeniamia_biguttata	Tbi-CJos_067
cssl	taeniamia_biguttata	Tbi-CJos_068
cssl	taeniamia_biguttata	Tbi-CJos_070
cssl	taeniamia_biguttata	Tbi-CJos_071
cssl	taeniamia_biguttata	Tbi-CJos_072
cssl	taeniamia_biguttata	Tbi-CJos_073
cssl	taeniamia_biguttata	Tbi-CJos_080
cssl	taeniamia_biguttata	Tbi-CJos_081
cssl	taeniamia_biguttata	Tbi-CJos_085
cssl	taeniamia_biguttata	Tbi-CJos_086
cssl	taeniamia_biguttata	Tbi-CJos_087
cssl	taeniamia_biguttata	Tbi-CJos_091
cssl	taeniamia_biguttata	Tbi-CJos_092
cssl	taeniamia_biguttata	Tbi-CJos_093
cssl	taeniamia_biguttata	Tbi-CJos_095
